Type,Name,Request Count,Failure Count,Median Response Time,Average Response Time,Min Response Time,Max Response Time,Average Content Size,Requests/s,Failures/s,50%,66%,75%,80%,90%,95%,98%,99%,99.9%,99.99%,100%
GET,/,607,0,7000.0,6621.008624919272,798.4494600004837,8721.710540000458,76854.0,4.84469377094508,0.0,7000,7100,7200,7200,7300,7400,7500,7700,8700,8700,8700
GET,/post-detail,2150,0,7000.0,6583.483880052101,750.0154560002557,8476.81398199984,86389.37069767441,17.15995322492903,0.0,7000,7000,7100,7100,7200,7300,7500,7800,8200,8500,8500
,Aggregated,2757,0,7000.0,6591.745584852382,750.0154560002557,8721.710540000458,84289.99818643453,22.00464699587411,0.0,7000,7100,7100,7100,7200,7300,7500,7800,8500,8700,8700
