Type,Name,Request Count,Failure Count,Median Response Time,Average Response Time,Min Response Time,Max Response Time,Average Content Size,Requests/s,Failures/s,50%,66%,75%,80%,90%,95%,98%,99%,99.9%,99.99%,100%
GET,/,595,0,2500.0,2445.587228468878,213.31327500047337,4973.999184999229,76854.0,4.947329233147369,0.0,2500,2600,2700,2700,2800,2900,3100,4200,5000,5000,5000
GET,/post-detail,2005,0,2500.0,2418.6047056548687,225.06379300011758,5008.503174999532,86391.02394014962,16.671252289849537,0.0,2500,2500,2600,2600,2700,2800,3000,3400,4900,5000,5000
,Aggregated,2600,0,2500.0,2424.7795522219235,213.31327500047337,5008.503174999532,84208.51269230769,21.618581522996905,0.0,2500,2600,2600,2700,2800,2800,3000,3900,5000,5000,5000
