Type,Name,Request Count,Failure Count,Median Response Time,Average Response Time,Min Response Time,Max Response Time,Average Content Size,Requests/s,Failures/s,50%,66%,75%,80%,90%,95%,98%,99%,99.9%,99.99%,100%
GET,/,293,0,7100.0,6717.724523160418,759.9416760003805,9655.450184000074,76854.0,2.358353932682582,0.0,7100,7200,7300,7300,7400,7500,7700,7800,9700,9700,9700
GET,/post-detail,1055,0,7000.0,6706.7785992161125,681.6807220002374,9653.85298000001,86390.09289099526,8.491683955563564,0.0,7000,7100,7200,7200,7400,7500,7600,7800,9200,9700,9700
,Aggregated,1348,0,7000.0,6709.157794850899,681.6807220002374,9655.450184000074,84317.33679525222,10.850037888246145,0.0,7000,7100,7200,7300,7400,7500,7600,7800,9700,9700,9700
