Type,Name,Request Count,Failure Count,Median Response Time,Average Response Time,Min Response Time,Max Response Time,Average Content Size,Requests/s,Failures/s,50%,66%,75%,80%,90%,95%,98%,99%,99.9%,99.99%,100%
GET,/,511,0,3500.0,3377.2933311369934,334.93000699945696,5073.277477999909,76854.0,4.213184110743088,0.0,3500,3600,3600,3700,3800,3900,3900,4000,5100,5100,5100
GET,/post-detail,1656,0,3400.0,3328.0597670766942,319.7194179992948,5618.14854899967,86389.84420289854,13.653684711136112,0.0,3400,3500,3600,3600,3700,3800,3900,4000,5400,5600,5600
,Aggregated,2167,0,3400.0,3339.6695276834357,319.7194179992948,5618.14854899967,84141.19796954315,17.866868821879198,0.0,3400,3500,3600,3600,3700,3800,3900,4000,5200,5600,5600
